league,team,venue,state,market,games_in_table,first_game,last_game,likely_home_ground,image_filename,image_saved,notes
nhl,"Anaheim Ducks","Honda Center",CA,anaheim,42,2026-10-04,2027-04-06,yes,"Honda Center.png",no,
nhl,"Boston Bruins","TD Garden",MA,boston,42,2026-09-29,2027-04-03,yes,"TD Garden.png",no,
nhl,"Buffalo Sabres","KeyBank Center",NY,buffalo,42,2026-10-03,2027-04-10,yes,"KeyBank Center.png",no,
nhl,"Calgary Flames","Scotiabank Saddledome",AB,calgary,42,2026-10-01,2027-04-10,yes,"Scotiabank Saddledome.png",no,
nhl,"Colorado Avalanche","Ball Arena",CO,denver,42,2026-09-30,2027-04-10,yes,"Ball Arena.png",no,
nhl,"Columbus Blue Jackets","Nationwide Arena",,,42,2026-10-01,2027-04-08,yes,"Nationwide Arena.png",no,
nhl,"Detroit Red Wings","Little Caesars Arena",MI,detroit,42,2026-10-02,2027-04-09,yes,"Little Caesars Arena.png",no,
nhl,"Edmonton Oilers","Rogers Place",AB,edmonton,42,2026-09-29,2027-04-10,yes,"Rogers Place.png",no,
nhl,"Florida Panthers","Amerant Bank Arena",FL,miami,42,2026-10-10,2027-04-10,yes,"Amerant Bank Arena.png",no,
nhl,"Los Angeles Kings","Crypto.com Arena",CA,los_angeles,42,2026-10-06,2027-04-08,yes,"Crypto.com Arena.png",no,
nhl,"Minnesota Wild","Grand Casino Arena",MN,minnesota,42,2026-10-03,2027-04-06,yes,"Grand Casino Arena.png",no,
nhl,"Montréal Canadiens","Centre Bell",QC,montreal,42,2026-10-06,2027-04-01,yes,"Centre Bell.png",no,
nhl,"Nashville Predators","Bridgestone Arena",,,42,2026-10-01,2027-04-10,yes,"Bridgestone Arena.png",no,
nhl,"New Jersey Devils","Prudential Center",NY,new_york,42,2026-10-01,2027-04-10,yes,"Prudential Center.png",no,
nhl,"New York Islanders","UBS Arena",NY,new_york,42,2026-10-03,2027-04-10,yes,"UBS Arena.png",no,
nhl,"New York Rangers","Madison Square Garden",NY,new_york,42,2026-10-01,2027-04-10,yes,"Madison Square Garden.png",no,
nhl,"Philadelphia Flyers","Xfinity Mobile Arena",PA,philadelphia,42,2026-09-30,2027-04-10,yes,"Xfinity Mobile Arena.png",no,
nhl,"Pittsburgh Penguins","PPG Paints Arena",PA,pittsburgh,42,2026-10-03,2027-04-03,yes,"PPG Paints Arena.png",no,
nhl,"San Jose Sharks","SAP Center at San Jose",,,42,2026-10-01,2027-04-10,yes,"SAP Center at San Jose.png",no,
nhl,"St. Louis Blues","Enterprise Center",MO,st_louis,42,2026-10-08,2027-04-10,yes,"Enterprise Center.png",no,
nhl,"Tampa Bay Lightning","Benchmark International Arena",FL,tampa_bay,42,2026-10-03,2027-04-10,yes,"Benchmark International Arena.png",no,
nhl,"Toronto Maple Leafs","Scotiabank Arena",ON,toronto,42,2026-09-29,2027-04-05,yes,"Scotiabank Arena.png",no,
nhl,"Vancouver Canucks","Rogers Arena",BC,vancouver,42,2026-10-01,2027-04-06,yes,"Rogers Arena.png",no,
nhl,"Vegas Golden Knights","T-Mobile Arena",,,42,2026-09-29,2027-04-10,yes,"T-Mobile Arena.png",no,
nhl,"Washington Capitals","Capital One Arena",DC,washington_dc,42,2026-10-07,2027-04-04,yes,"Capital One Arena.png",no,
nhl,"Carolina Hurricanes","Lenovo Center",NC,north_carolina,41,2026-09-29,2027-04-07,yes,"Lenovo Center.png",no,
nhl,"Chicago Blackhawks","United Center",IL,chicago,41,2026-10-06,2027-04-10,yes,"United Center.png",no,
nhl,"Dallas Stars","American Airlines Center",TX,dallas,41,2026-10-02,2027-04-09,yes,"American Airlines Center.png",no,
nhl,"Ottawa Senators","Canadian Tire Centre",ON,ottawa,41,2026-10-08,2027-04-10,yes,"Canadian Tire Centre.png",no,
nhl,"Seattle Kraken","Climate Pledge Arena",WA,seattle,41,2026-10-04,2027-04-03,yes,"Climate Pledge Arena.png",no,
nhl,"Utah Mammoth","Delta Center",UT,utah,41,2026-10-01,2027-04-07,yes,"Delta Center.png",no,
nhl,"Winnipeg Jets","Canada Life Centre",MB,winnipeg,41,2026-10-02,2027-04-09,yes,"Canada Life Centre.png",no,
nhl,"Carolina Hurricanes","Veikkaus Arena",NC,north_carolina,1,2026-11-14,2026-11-14,check,"Veikkaus Arena.png",no,
nhl,"Chicago Blackhawks","PSD Bank Dome",IL,chicago,1,2026-12-20,2026-12-20,check,"PSD Bank Dome.png",no,
nhl,"Dallas Stars","AT&T Stadium",TX,dallas,1,2027-02-20,2027-02-20,check,"AT&T Stadium.png",no,
nhl,"Ottawa Senators","PSD Bank Dome",ON,ottawa,1,2026-12-18,2026-12-18,check,"PSD Bank Dome.png",no,
nhl,"Seattle Kraken","Veikkaus Arena",WA,seattle,1,2026-11-12,2026-11-12,check,"Veikkaus Arena.png",no,
nhl,"Utah Mammoth","Rice-Eccles Stadium",UT,utah,1,2026-12-31,2026-12-31,check,"Rice-Eccles Stadium.png",no,
nhl,"Winnipeg Jets","Princess Auto Stadium",MB,winnipeg,1,2026-10-25,2026-10-25,check,"Princess Auto Stadium.png",no,